[
{
  "model": "gamedata.agent",
  "pk": 1,
  "fields": {
    "uuid": "e370fa57-4757-3604-3648-499e1f642d3f",
    "name": "Gekko",
    "description": "Gekko the Angeleno leads a tight-knit crew of calamitous creatures. His buddies bound forward, scattering enemies out of the way, with Gekko chasing them down to regroup and go again.",
    "role": 1,
    "icon": "gamedata/assets/agents/icons/gekko_display_icon.webp",
    "small_icon": "gamedata/assets/agents/small_icons/gekko_small_icon.webp",
    "full_portrait": "gamedata/assets/agents/full_portraits/gekko_full_portrait.webp",
    "background": "gamedata/assets/agents/backgrounds/gekko_background.webp"
  }
},
{
  "model": "gamedata.agent",
  "pk": 2,
  "fields": {
    "uuid": "dade69b4-4f5a-8528-247b-219e5a1facd6",
    "name": "Fade",
    "description": "Turkish bounty hunter Fade unleashes the power of raw nightmare to seize enemy secrets. Attuned with terror itself, she hunts down targets and reveals their deepest fears - before crushing them in the dark.",
    "role": 1,
    "icon": "gamedata/assets/agents/icons/fade_display_icon.webp",
    "small_icon": "gamedata/assets/agents/small_icons/fade_small_icon.webp",
    "full_portrait": "gamedata/assets/agents/full_portraits/fade_full_portrait.webp",
    "background": "gamedata/assets/agents/backgrounds/fade_background.webp"
  }
},
{
  "model": "gamedata.agent",
  "pk": 3,
  "fields": {
    "uuid": "5f8d3a7f-467b-97f3-062c-13acf203c006",
    "name": "Breach",
    "description": "The bionic Swede Breach fires powerful, targeted kinetic blasts to aggressively clear a path through enemy ground. The damage and disruption he inflicts ensures no fight is ever fair.",
    "role": 1,
    "icon": "gamedata/assets/agents/icons/breach_display_icon.webp",
    "small_icon": "gamedata/assets/agents/small_icons/breach_small_icon.webp",
    "full_portrait": "gamedata/assets/agents/full_portraits/breach_full_portrait.webp",
    "background": "gamedata/assets/agents/backgrounds/breach_background.webp"
  }
},
{
  "model": "gamedata.agent",
  "pk": 4,
  "fields": {
    "uuid": "cc8b64c8-4b25-4ff9-6e7f-37b4da43d235",
    "name": "Deadlock",
    "description": "Norwegian operative Deadlock deploys an array of cutting-edge nanowire to secure the battlefield from even the most lethal assault. No one escapes her vigilant watch, nor survives her unyielding ferocity.",
    "role": 2,
    "icon": "gamedata/assets/agents/icons/deadlock_display_icon.webp",
    "small_icon": "gamedata/assets/agents/small_icons/deadlock_small_icon.webp",
    "full_portrait": "gamedata/assets/agents/full_portraits/deadlock_full_portrait.webp",
    "background": "gamedata/assets/agents/backgrounds/deadlock_background.webp"
  }
},
{
  "model": "gamedata.agent",
  "pk": 5,
  "fields": {
    "uuid": "f94c3b30-42be-e959-889c-5aa313dba261",
    "name": "Raze",
    "description": "Raze explodes out of Brazil with her big personality and big guns. With her blunt-force-trauma playstyle, she excels at flushing entrenched enemies and clearing tight spaces with a generous dose of \"boom.\"",
    "role": 3,
    "icon": "gamedata/assets/agents/icons/raze_display_icon.webp",
    "small_icon": "gamedata/assets/agents/small_icons/raze_small_icon.webp",
    "full_portrait": "gamedata/assets/agents/full_portraits/raze_full_portrait.webp",
    "background": "gamedata/assets/agents/backgrounds/raze_background.webp"
  }
},
{
  "model": "gamedata.agent",
  "pk": 6,
  "fields": {
    "uuid": "22697a3d-45bf-8dd7-4fec-84a9e28c69d7",
    "name": "Chamber",
    "description": "Well-dressed and well-armed, French weapons designer Chamber expels aggressors with deadly precision. He leverages his custom arsenal to hold the line and pick off enemies from afar, with a contingency built for every plan.",
    "role": 2,
    "icon": "gamedata/assets/agents/icons/chamber_display_icon.webp",
    "small_icon": "gamedata/assets/agents/small_icons/chamber_small_icon.webp",
    "full_portrait": "gamedata/assets/agents/full_portraits/chamber_full_portrait.webp",
    "background": "gamedata/assets/agents/backgrounds/chamber_background.webp"
  }
},
{
  "model": "gamedata.agent",
  "pk": 7,
  "fields": {
    "uuid": "601dbbe7-43ce-be57-2a40-4abd24953621",
    "name": "KAY/O",
    "description": "KAY/O is a machine of war built for a single purpose: neutralizing radiants. His power to Suppress enemy abilities dismantles his opponents' capacity to fight back, securing him and his allies the ultimate edge.",
    "role": 1,
    "icon": "gamedata/assets/agents/icons/kay_o_display_icon.webp",
    "small_icon": "gamedata/assets/agents/small_icons/kay_o_small_icon.webp",
    "full_portrait": "gamedata/assets/agents/full_portraits/kay_o_full_portrait.webp",
    "background": "gamedata/assets/agents/backgrounds/kay_o_background.webp"
  }
},
{
  "model": "gamedata.agent",
  "pk": 8,
  "fields": {
    "uuid": "6f2a04ca-43e0-be17-7f36-b3908627744d",
    "name": "Skye",
    "description": "Hailing from Australia, Skye and her band of beasts trailblaze the way through hostile territory. With her creations hampering the enemy, and her power to heal others, the team is strongest and safest by Skye's side.",
    "role": 1,
    "icon": "gamedata/assets/agents/icons/skye_display_icon.webp",
    "small_icon": "gamedata/assets/agents/small_icons/skye_small_icon.webp",
    "full_portrait": "gamedata/assets/agents/full_portraits/skye_full_portrait.webp",
    "background": "gamedata/assets/agents/backgrounds/skye_background.webp"
  }
},
{
  "model": "gamedata.agent",
  "pk": 9,
  "fields": {
    "uuid": "117ed9e3-49f3-6512-3ccf-0cada7e3823b",
    "name": "Cypher",
    "description": "The Moroccan information broker, Cypher is a one-man surveillance network who keeps tabs on the enemy's every move. No secret is safe. No maneuver goes unseen. Cypher is always watching.",
    "role": 2,
    "icon": "gamedata/assets/agents/icons/cypher_display_icon.webp",
    "small_icon": "gamedata/assets/agents/small_icons/cypher_small_icon.webp",
    "full_portrait": "gamedata/assets/agents/full_portraits/cypher_full_portrait.webp",
    "background": "gamedata/assets/agents/backgrounds/cypher_background.webp"
  }
},
{
  "model": "gamedata.agent",
  "pk": 10,
  "fields": {
    "uuid": "320b2a48-4d9b-a075-30f1-1f93a9b638fa",
    "name": "Sova",
    "description": "Born from the eternal winter of Russia's tundra, Sova tracks, finds, and eliminates enemies with ruthless efficiency and precision. His custom bow and incredible scouting abilities ensure that even if you run, you cannot hide.",
    "role": 1,
    "icon": "gamedata/assets/agents/icons/sova_display_icon.webp",
    "small_icon": "gamedata/assets/agents/small_icons/sova_small_icon.webp",
    "full_portrait": "gamedata/assets/agents/full_portraits/sova_full_portrait.webp",
    "background": "gamedata/assets/agents/backgrounds/sova_background.webp"
  }
},
{
  "model": "gamedata.agent",
  "pk": 11,
  "fields": {
    "uuid": "1e58de9c-4950-5125-93e9-a0aee9f98746",
    "name": "Killjoy",
    "description": "The genius of Germany, Killjoy effortlessly secures key battlefield positions with her arsenal of inventions. If their damage doesn't take her enemies out, the debuff her robots provide will make short work of them.",
    "role": 2,
    "icon": "gamedata/assets/agents/icons/killjoy_display_icon.webp",
    "small_icon": "gamedata/assets/agents/small_icons/killjoy_small_icon.webp",
    "full_portrait": "gamedata/assets/agents/full_portraits/killjoy_full_portrait.webp",
    "background": "gamedata/assets/agents/backgrounds/killjoy_background.webp"
  }
},
{
  "model": "gamedata.agent",
  "pk": 12,
  "fields": {
    "uuid": "95b78ed7-4637-86d9-7e41-71ba8c293152",
    "name": "Harbor",
    "description": "Hailing from Indias coast, Harbor storms the field wielding ancient technology with dominion over water. He unleashes frothing rapids and crushing waves to shield his allies, or pummel those that oppose him.",
    "role": 4,
    "icon": "gamedata/assets/agents/icons/harbor_display_icon.webp",
    "small_icon": "gamedata/assets/agents/small_icons/harbor_small_icon.webp",
    "full_portrait": "gamedata/assets/agents/full_portraits/harbor_full_portrait.webp",
    "background": "gamedata/assets/agents/backgrounds/harbor_background.webp"
  }
},
{
  "model": "gamedata.agent",
  "pk": 13,
  "fields": {
    "uuid": "efba5359-4016-a1e5-7626-b1ae76895940",
    "name": "Vyse",
    "description": "Metallic mastermind Vyse unleashes liquid metal to isolate, trap, and disarm her enemies. Through cunning and manipulation, she forces all who oppose her to fear the battlefield itself.",
    "role": 2,
    "icon": "gamedata/assets/agents/icons/vyse_display_icon.webp",
    "small_icon": "gamedata/assets/agents/small_icons/vyse_small_icon.webp",
    "full_portrait": "gamedata/assets/agents/full_portraits/vyse_full_portrait.webp",
    "background": "gamedata/assets/agents/backgrounds/vyse_background.webp"
  }
},
{
  "model": "gamedata.agent",
  "pk": 14,
  "fields": {
    "uuid": "707eab51-4836-f488-046a-cda6bf494859",
    "name": "Viper",
    "description": "The American Chemist, Viper deploys an array of poisonous chemical devices to control the battlefield and choke the enemy's vision. If the toxins don't kill her prey, her mindgames surely will.",
    "role": 4,
    "icon": "gamedata/assets/agents/icons/viper_display_icon.webp",
    "small_icon": "gamedata/assets/agents/small_icons/viper_small_icon.webp",
    "full_portrait": "gamedata/assets/agents/full_portraits/viper_full_portrait.webp",
    "background": "gamedata/assets/agents/backgrounds/viper_background.webp"
  }
},
{
  "model": "gamedata.agent",
  "pk": 15,
  "fields": {
    "uuid": "eb93336a-449b-9c1b-0a54-a891f7921d69",
    "name": "Phoenix",
    "description": "Hailing from the U.K., Phoenix's star power shines through in his fighting style, igniting the battlefield with flash and flare. Whether he's got backup or not, he's rushing in to fight on his own terms.",
    "role": 3,
    "icon": "gamedata/assets/agents/icons/phoenix_display_icon.webp",
    "small_icon": "gamedata/assets/agents/small_icons/phoenix_small_icon.webp",
    "full_portrait": "gamedata/assets/agents/full_portraits/phoenix_full_portrait.webp",
    "background": "gamedata/assets/agents/backgrounds/phoenix_background.webp"
  }
},
{
  "model": "gamedata.agent",
  "pk": 16,
  "fields": {
    "uuid": "41fb69c1-4189-7b37-f117-bcaf1e96f1bf",
    "name": "Astra",
    "description": "Ghanaian Agent Astra harnesses the energies of the cosmos to reshape battlefields to her whim. With full command of her astral form and a talent for deep strategic foresight, she's always eons ahead of her enemy's next move.",
    "role": 4,
    "icon": "gamedata/assets/agents/icons/astra_display_icon.webp",
    "small_icon": "gamedata/assets/agents/small_icons/astra_small_icon.webp",
    "full_portrait": "gamedata/assets/agents/full_portraits/astra_full_portrait.webp",
    "background": "gamedata/assets/agents/backgrounds/astra_background.webp"
  }
},
{
  "model": "gamedata.agent",
  "pk": 17,
  "fields": {
    "uuid": "9f0d8ba9-4140-b941-57d3-a7ad57c6b417",
    "name": "Brimstone",
    "description": "Joining from the U.S.A., Brimstone's orbital arsenal ensures his squad always has the advantage. His ability to deliver utility precisely and safely make him the unmatched boots-on-the-ground commander.",
    "role": 4,
    "icon": "gamedata/assets/agents/icons/brimstone_display_icon.webp",
    "small_icon": "gamedata/assets/agents/small_icons/brimstone_small_icon.webp",
    "full_portrait": "gamedata/assets/agents/full_portraits/brimstone_full_portrait.webp",
    "background": "gamedata/assets/agents/backgrounds/brimstone_background.webp"
  }
},
{
  "model": "gamedata.agent",
  "pk": 18,
  "fields": {
    "uuid": "0e38b510-41a8-5780-5e8f-568b2a4f2d6c",
    "name": "Iso",
    "description": "Chinese fixer for hire Iso falls into a flow state to dismantle the opposition. Reconfiguring ambient energy into bulletproof protection, he advances with focus towards his next duel to the death.",
    "role": 3,
    "icon": "gamedata/assets/agents/icons/iso_display_icon.webp",
    "small_icon": "gamedata/assets/agents/small_icons/iso_small_icon.webp",
    "full_portrait": "gamedata/assets/agents/full_portraits/iso_full_portrait.webp",
    "background": "gamedata/assets/agents/backgrounds/iso_background.webp"
  }
},
{
  "model": "gamedata.agent",
  "pk": 19,
  "fields": {
    "uuid": "1dbf2edd-4729-0984-3115-daa5eed44993",
    "name": "Clove",
    "description": "Scottish troublemaker Clove makes mischief for enemies in both the heat of combat and the cold of death. The young immortal keeps foes guessing, even from beyond the grave, their return to the living only ever a moment away.",
    "role": 4,
    "icon": "gamedata/assets/agents/icons/clove_display_icon.webp",
    "small_icon": "gamedata/assets/agents/small_icons/clove_small_icon.webp",
    "full_portrait": "gamedata/assets/agents/full_portraits/clove_full_portrait.webp",
    "background": "gamedata/assets/agents/backgrounds/clove_background.webp"
  }
},
{
  "model": "gamedata.agent",
  "pk": 20,
  "fields": {
    "uuid": "bb2a4828-46eb-8cd1-e765-15848195d751",
    "name": "Neon",
    "description": "Filipino Agent Neon surges forward at shocking speeds, discharging bursts of bioelectric radiance as fast as her body generates it. She races ahead to catch enemies off guard then strikes them down quicker than lightning.",
    "role": 3,
    "icon": "gamedata/assets/agents/icons/neon_display_icon.webp",
    "small_icon": "gamedata/assets/agents/small_icons/neon_small_icon.webp",
    "full_portrait": "gamedata/assets/agents/full_portraits/neon_full_portrait.webp",
    "background": "gamedata/assets/agents/backgrounds/neon_background.webp"
  }
},
{
  "model": "gamedata.agent",
  "pk": 21,
  "fields": {
    "uuid": "7f94d92c-4234-0a36-9646-3a87eb8b5c89",
    "name": "Yoru",
    "description": "Japanese native Yoru rips holes straight through reality to infiltrate enemy lines unseen. Using deception and aggression in equal measure, he gets the drop on each target before they know where to look.",
    "role": 3,
    "icon": "gamedata/assets/agents/icons/yoru_display_icon.webp",
    "small_icon": "gamedata/assets/agents/small_icons/yoru_small_icon.webp",
    "full_portrait": "gamedata/assets/agents/full_portraits/yoru_full_portrait.webp",
    "background": "gamedata/assets/agents/backgrounds/yoru_background.webp"
  }
},
{
  "model": "gamedata.agent",
  "pk": 22,
  "fields": {
    "uuid": "569fdd95-4d10-43ab-ca70-79becc718b46",
    "name": "Sage",
    "description": "The bastion of China, Sage creates safety for herself and her team wherever she goes. Able to revive fallen friends and stave off forceful assaults, she provides a calm center to a hellish battlefield.",
    "role": 2,
    "icon": "gamedata/assets/agents/icons/sage_display_icon.webp",
    "small_icon": "gamedata/assets/agents/small_icons/sage_small_icon.webp",
    "full_portrait": "gamedata/assets/agents/full_portraits/sage_full_portrait.webp",
    "background": "gamedata/assets/agents/backgrounds/sage_background.webp"
  }
},
{
  "model": "gamedata.agent",
  "pk": 23,
  "fields": {
    "uuid": "a3bfb853-43b2-7238-a4f1-ad90e9e46bcc",
    "name": "Reyna",
    "description": "Forged in the heart of Mexico, Reyna dominates single combat, popping off with each kill she scores. Her capability is only limited by her raw skill, making her sharply dependent on performance.",
    "role": 3,
    "icon": "gamedata/assets/agents/icons/reyna_display_icon.webp",
    "small_icon": "gamedata/assets/agents/small_icons/reyna_small_icon.webp",
    "full_portrait": "gamedata/assets/agents/full_portraits/reyna_full_portrait.webp",
    "background": "gamedata/assets/agents/backgrounds/reyna_background.webp"
  }
},
{
  "model": "gamedata.agent",
  "pk": 24,
  "fields": {
    "uuid": "8e253930-4c05-31dd-1b6c-968525494517",
    "name": "Omen",
    "description": "A phantom of a memory, Omen hunts in the shadows. He renders enemies blind, teleports across the field, then lets paranoia take hold as his foe scrambles to uncover where he might strike next.",
    "role": 4,
    "icon": "gamedata/assets/agents/icons/omen_display_icon.webp",
    "small_icon": "gamedata/assets/agents/small_icons/omen_small_icon.webp",
    "full_portrait": "gamedata/assets/agents/full_portraits/omen_full_portrait.webp",
    "background": "gamedata/assets/agents/backgrounds/omen_background.webp"
  }
},
{
  "model": "gamedata.agent",
  "pk": 25,
  "fields": {
    "uuid": "add6443a-41bd-e414-f6ad-e58d267f4e95",
    "name": "Jett",
    "description": "Representing her home country of South Korea, Jett's agile and evasive fighting style lets her take risks no one else can. She runs circles around every skirmish, cutting enemies up before they even know what hit them.",
    "role": 3,
    "icon": "gamedata/assets/agents/icons/jett_display_icon.webp",
    "small_icon": "gamedata/assets/agents/small_icons/jett_small_icon.webp",
    "full_portrait": "gamedata/assets/agents/full_portraits/jett_full_portrait.webp",
    "background": "gamedata/assets/agents/backgrounds/jett_background.webp"
  }
},
{
  "model": "gamedata.role",
  "pk": 1,
  "fields": {
    "uuid": "1b47567f-8f7b-444b-aae3-b0c634622d10",
    "name": "Initiator",
    "description": "Initiators challenge angles by setting up their team to enter contested ground and push defenders away.",
    "icon": "gamedata/assets/roles/icons/initiator_displayicon.png"
  }
},
{
  "model": "gamedata.role",
  "pk": 2,
  "fields": {
    "uuid": "5fc02f99-4091-4486-a531-98459a3e95e9",
    "name": "Sentinel",
    "description": "Sentinels are defensive experts who can lock down areas and watch flanks, both on attacker and defender rounds.",
    "icon": "gamedata/assets/roles/icons/sentinel_displayicon.png"
  }
},
{
  "model": "gamedata.role",
  "pk": 3,
  "fields": {
    "uuid": "dbe8757e-9e92-4ed4-b39f-9dfc589691d4",
    "name": "Duelist",
    "description": "Duelists are self-sufficient fraggers who their team expects, through abilities and skills, to get high frags and seek out engagements first.",
    "icon": "gamedata/assets/roles/icons/duelist_displayicon.png"
  }
},
{
  "model": "gamedata.role",
  "pk": 4,
  "fields": {
    "uuid": "4ee40330-ecdd-4f2f-98a8-eb1243428373",
    "name": "Controller",
    "description": "Controllers are experts in slicing up dangerous territory to set their team up for success.",
    "icon": "gamedata/assets/roles/icons/controller_displayicon.png"
  }
},
{
  "model": "gamedata.map",
  "pk": 1,
  "fields": {
    "uuid": "7eaecc1b-4337-bbf6-6ab9-04b8f06b3319",
    "name": "Ascent",
    "splash": "gamedata/assets/maps/splashes/ascent.webp",
    "vertical_icon": "gamedata/assets/maps/vertical_icons/ascentvertical_icon.webp"
  }
},
{
  "model": "gamedata.map",
  "pk": 2,
  "fields": {
    "uuid": "d960549e-485c-e861-8d71-aa9d1aed12a2",
    "name": "Split",
    "splash": "gamedata/assets/maps/splashes/split.webp",
    "vertical_icon": "gamedata/assets/maps/vertical_icons/splitvertical_icon.webp"
  }
},
{
  "model": "gamedata.map",
  "pk": 3,
  "fields": {
    "uuid": "b529448b-4d60-346e-e89e-00a4c527a405",
    "name": "Fracture",
    "splash": "gamedata/assets/maps/splashes/fracture.webp",
    "vertical_icon": "gamedata/assets/maps/vertical_icons/fracturevertical_icon.webp"
  }
},
{
  "model": "gamedata.map",
  "pk": 4,
  "fields": {
    "uuid": "2c9d57ec-4431-9c5e-2939-8f9ef6dd5cba",
    "name": "Bind",
    "splash": "gamedata/assets/maps/splashes/bind.webp",
    "vertical_icon": "gamedata/assets/maps/vertical_icons/bindvertical_icon.webp"
  }
},
{
  "model": "gamedata.map",
  "pk": 5,
  "fields": {
    "uuid": "2fb9a4fd-47b8-4e7d-a969-74b4046ebd53",
    "name": "Breeze",
    "splash": "gamedata/assets/maps/splashes/breeze.webp",
    "vertical_icon": "gamedata/assets/maps/vertical_icons/breezevertical_icon.webp"
  }
},
{
  "model": "gamedata.map",
  "pk": 7,
  "fields": {
    "uuid": "12452a9d-48c3-0b02-e7eb-0381c3520404",
    "name": "Kasbah",
    "splash": "gamedata/assets/maps/splashes/kasbah.webp",
    "vertical_icon": "gamedata/assets/maps/vertical_icons/kasbahvertical_icon.webp"
  }
},
{
  "model": "gamedata.map",
  "pk": 10,
  "fields": {
    "uuid": "224b0a95-48b9-f703-1bd8-67aca101a61f",
    "name": "Abyss",
    "splash": "gamedata/assets/maps/splashes/abyss.webp",
    "vertical_icon": "gamedata/assets/maps/vertical_icons/abyssvertical_icon.webp"
  }
},
{
  "model": "gamedata.map",
  "pk": 11,
  "fields": {
    "uuid": "2fe4ed3a-450a-948b-6d6b-e89a78e680a9",
    "name": "Lotus",
    "splash": "gamedata/assets/maps/splashes/lotus.webp",
    "vertical_icon": "gamedata/assets/maps/vertical_icons/lotusvertical_icon.webp"
  }
},
{
  "model": "gamedata.map",
  "pk": 12,
  "fields": {
    "uuid": "92584fbe-486a-b1b2-9faa-39b0f486b498",
    "name": "Sunset",
    "splash": "gamedata/assets/maps/splashes/sunset.webp",
    "vertical_icon": "gamedata/assets/maps/vertical_icons/sunsetvertical_icon.webp"
  }
},
{
  "model": "gamedata.map",
  "pk": 13,
  "fields": {
    "uuid": "fd267378-4d1d-484f-ff52-77821ed10dc2",
    "name": "Pearl",
    "splash": "gamedata/assets/maps/splashes/pearl.webp",
    "vertical_icon": "gamedata/assets/maps/vertical_icons/pearlvertical_icon.webp"
  }
},
{
  "model": "gamedata.map",
  "pk": 14,
  "fields": {
    "uuid": "e2ad5c54-4114-a870-9641-8ea21279579a",
    "name": "Icebox",
    "splash": "gamedata/assets/maps/splashes/icebox.webp",
    "vertical_icon": "gamedata/assets/maps/vertical_icons/iceboxvertical_icon.webp"
  }
},
{
  "model": "gamedata.map",
  "pk": 15,
  "fields": {
    "uuid": "2bee0dc9-4ffe-519b-1cbd-7fbe763a6047",
    "name": "Haven",
    "splash": "gamedata/assets/maps/splashes/haven.webp",
    "vertical_icon": "gamedata/assets/maps/vertical_icons/havenvertical_icon.webp"
  }
},
{
  "model": "gamedata.tier",
  "pk": 127,
  "fields": {
    "tier": "UNRANKED",
    "division": "UNRANKED",
    "small_icon": "gamedata/assets/tiers/small_icons/unranked_small_icon.webp",
    "large_icon": "gamedata/assets/tiers/large_icons/unranked_large_icon.webp"
  }
},
{
  "model": "gamedata.tier",
  "pk": 130,
  "fields": {
    "tier": "IRON 1",
    "division": "IRON",
    "small_icon": "gamedata/assets/tiers/small_icons/iron_1_small_icon.webp",
    "large_icon": "gamedata/assets/tiers/large_icons/iron_1_large_icon.webp"
  }
},
{
  "model": "gamedata.tier",
  "pk": 131,
  "fields": {
    "tier": "IRON 2",
    "division": "IRON",
    "small_icon": "gamedata/assets/tiers/small_icons/iron_2_small_icon.webp",
    "large_icon": "gamedata/assets/tiers/large_icons/iron_2_large_icon.webp"
  }
},
{
  "model": "gamedata.tier",
  "pk": 132,
  "fields": {
    "tier": "IRON 3",
    "division": "IRON",
    "small_icon": "gamedata/assets/tiers/small_icons/iron_3_small_icon.webp",
    "large_icon": "gamedata/assets/tiers/large_icons/iron_3_large_icon.webp"
  }
},
{
  "model": "gamedata.tier",
  "pk": 133,
  "fields": {
    "tier": "BRONZE 1",
    "division": "BRONZE",
    "small_icon": "gamedata/assets/tiers/small_icons/bronze_1_small_icon.webp",
    "large_icon": "gamedata/assets/tiers/large_icons/bronze_1_large_icon.webp"
  }
},
{
  "model": "gamedata.tier",
  "pk": 134,
  "fields": {
    "tier": "BRONZE 2",
    "division": "BRONZE",
    "small_icon": "gamedata/assets/tiers/small_icons/bronze_2_small_icon.webp",
    "large_icon": "gamedata/assets/tiers/large_icons/bronze_2_large_icon.webp"
  }
},
{
  "model": "gamedata.tier",
  "pk": 135,
  "fields": {
    "tier": "BRONZE 3",
    "division": "BRONZE",
    "small_icon": "gamedata/assets/tiers/small_icons/bronze_3_small_icon.webp",
    "large_icon": "gamedata/assets/tiers/large_icons/bronze_3_large_icon.webp"
  }
},
{
  "model": "gamedata.tier",
  "pk": 136,
  "fields": {
    "tier": "SILVER 1",
    "division": "SILVER",
    "small_icon": "gamedata/assets/tiers/small_icons/silver_1_small_icon.webp",
    "large_icon": "gamedata/assets/tiers/large_icons/silver_1_large_icon.webp"
  }
},
{
  "model": "gamedata.tier",
  "pk": 137,
  "fields": {
    "tier": "SILVER 2",
    "division": "SILVER",
    "small_icon": "gamedata/assets/tiers/small_icons/silver_2_small_icon.webp",
    "large_icon": "gamedata/assets/tiers/large_icons/silver_2_large_icon.webp"
  }
},
{
  "model": "gamedata.tier",
  "pk": 138,
  "fields": {
    "tier": "SILVER 3",
    "division": "SILVER",
    "small_icon": "gamedata/assets/tiers/small_icons/silver_3_small_icon.webp",
    "large_icon": "gamedata/assets/tiers/large_icons/silver_3_large_icon.webp"
  }
},
{
  "model": "gamedata.tier",
  "pk": 139,
  "fields": {
    "tier": "GOLD 1",
    "division": "GOLD",
    "small_icon": "gamedata/assets/tiers/small_icons/gold_1_small_icon.webp",
    "large_icon": "gamedata/assets/tiers/large_icons/gold_1_large_icon.webp"
  }
},
{
  "model": "gamedata.tier",
  "pk": 140,
  "fields": {
    "tier": "GOLD 2",
    "division": "GOLD",
    "small_icon": "gamedata/assets/tiers/small_icons/gold_2_small_icon.webp",
    "large_icon": "gamedata/assets/tiers/large_icons/gold_2_large_icon.webp"
  }
},
{
  "model": "gamedata.tier",
  "pk": 141,
  "fields": {
    "tier": "GOLD 3",
    "division": "GOLD",
    "small_icon": "gamedata/assets/tiers/small_icons/gold_3_small_icon.webp",
    "large_icon": "gamedata/assets/tiers/large_icons/gold_3_large_icon.webp"
  }
},
{
  "model": "gamedata.tier",
  "pk": 142,
  "fields": {
    "tier": "PLATINUM 1",
    "division": "PLATINUM",
    "small_icon": "gamedata/assets/tiers/small_icons/platinum_1_small_icon.webp",
    "large_icon": "gamedata/assets/tiers/large_icons/platinum_1_large_icon.webp"
  }
},
{
  "model": "gamedata.tier",
  "pk": 143,
  "fields": {
    "tier": "PLATINUM 2",
    "division": "PLATINUM",
    "small_icon": "gamedata/assets/tiers/small_icons/platinum_2_small_icon.webp",
    "large_icon": "gamedata/assets/tiers/large_icons/platinum_2_large_icon.webp"
  }
},
{
  "model": "gamedata.tier",
  "pk": 144,
  "fields": {
    "tier": "PLATINUM 3",
    "division": "PLATINUM",
    "small_icon": "gamedata/assets/tiers/small_icons/platinum_3_small_icon.webp",
    "large_icon": "gamedata/assets/tiers/large_icons/platinum_3_large_icon.webp"
  }
},
{
  "model": "gamedata.tier",
  "pk": 145,
  "fields": {
    "tier": "DIAMOND 1",
    "division": "DIAMOND",
    "small_icon": "gamedata/assets/tiers/small_icons/diamond_1_small_icon.webp",
    "large_icon": "gamedata/assets/tiers/large_icons/diamond_1_large_icon.webp"
  }
},
{
  "model": "gamedata.tier",
  "pk": 146,
  "fields": {
    "tier": "DIAMOND 2",
    "division": "DIAMOND",
    "small_icon": "gamedata/assets/tiers/small_icons/diamond_2_small_icon.webp",
    "large_icon": "gamedata/assets/tiers/large_icons/diamond_2_large_icon.webp"
  }
},
{
  "model": "gamedata.tier",
  "pk": 147,
  "fields": {
    "tier": "DIAMOND 3",
    "division": "DIAMOND",
    "small_icon": "gamedata/assets/tiers/small_icons/diamond_3_small_icon.webp",
    "large_icon": "gamedata/assets/tiers/large_icons/diamond_3_large_icon.webp"
  }
},
{
  "model": "gamedata.tier",
  "pk": 148,
  "fields": {
    "tier": "ASCENDANT 1",
    "division": "ASCENDANT",
    "small_icon": "gamedata/assets/tiers/small_icons/ascendant_1_small_icon.webp",
    "large_icon": "gamedata/assets/tiers/large_icons/ascendant_1_large_icon.webp"
  }
},
{
  "model": "gamedata.tier",
  "pk": 149,
  "fields": {
    "tier": "ASCENDANT 2",
    "division": "ASCENDANT",
    "small_icon": "gamedata/assets/tiers/small_icons/ascendant_2_small_icon.webp",
    "large_icon": "gamedata/assets/tiers/large_icons/ascendant_2_large_icon.webp"
  }
},
{
  "model": "gamedata.tier",
  "pk": 150,
  "fields": {
    "tier": "ASCENDANT 3",
    "division": "ASCENDANT",
    "small_icon": "gamedata/assets/tiers/small_icons/ascendant_3_small_icon.webp",
    "large_icon": "gamedata/assets/tiers/large_icons/ascendant_3_large_icon.webp"
  }
},
{
  "model": "gamedata.tier",
  "pk": 151,
  "fields": {
    "tier": "IMMORTAL 1",
    "division": "IMMORTAL",
    "small_icon": "gamedata/assets/tiers/small_icons/immortal_1_small_icon.webp",
    "large_icon": "gamedata/assets/tiers/large_icons/immortal_1_large_icon.webp"
  }
},
{
  "model": "gamedata.tier",
  "pk": 152,
  "fields": {
    "tier": "IMMORTAL 2",
    "division": "IMMORTAL",
    "small_icon": "gamedata/assets/tiers/small_icons/immortal_2_small_icon.webp",
    "large_icon": "gamedata/assets/tiers/large_icons/immortal_2_large_icon.webp"
  }
},
{
  "model": "gamedata.tier",
  "pk": 153,
  "fields": {
    "tier": "IMMORTAL 3",
    "division": "IMMORTAL",
    "small_icon": "gamedata/assets/tiers/small_icons/immortal_3_small_icon.webp",
    "large_icon": "gamedata/assets/tiers/large_icons/immortal_3_large_icon.webp"
  }
},
{
  "model": "gamedata.tier",
  "pk": 154,
  "fields": {
    "tier": "RADIANT",
    "division": "RADIANT",
    "small_icon": "gamedata/assets/tiers/small_icons/radiant_small_icon.webp",
    "large_icon": "gamedata/assets/tiers/large_icons/radiant_large_icon.webp"
  }
}
]
